nct,title,status,first_posted,last_update,has_results,type,summary
NCT05886426,Diagnostic Performance of Dynamic Four-dimensional Computed Tomography (4DCT) Compared to Arthroscopy for Analysing Distal Radioulnar Joint Instability,UNKNOWN,2023-06-02,2023-06-02,False,OBSERVATIONAL,"The study will consist of 3 parts. First a reference study is performed with healthy volunteers to investigate the viability of 4DCT scanning of the wrist for evaluating wrist bones configurations and movements (translations and rotations) during a new set of wrist motions that have not been evaluated in our previous study focused on the scapholunate ligament (NL72518.091.19). The following will be evaluated: the visibility of the DRUJ, the carpal metacarpal 1 (CMC-1) joint and the metacarpal phalangeal 1 (MCP-1) joint during clinically relevant wrist movements. Besides, in this study the diff"
NCT05580848,Wrist Arthroscopy During Surgical Treatment of Distal Radius Fractures Improves Functional Outcome: a Randomized Controlled Trial,UNKNOWN,2022-10-14,2022-10-18,False,INTERVENTIONAL,Wrist arthroscopy (WA) is a potentially useful adjuvant procedure in the surgical treatment (osteosynthesis) of distal radius fractures (DRFs). Previous research on the contribution of WA to DRF treatment has shown different results.  Objectives of the study: (1) Validate wrist functional outcome questionnaires; (2) To determine whether arthroscopically assisted repositioning of fracture fragments in articular DRFs leads to a better treatment outcome; (3) To determine whether arthroscopic observation and treatment of associated soft tissue and / or cartilage injuries in articular DRFs leads to
NCT07407036,Electromyographic and Functional Analysis of Neuromuscular Rehabilitation Methods in Individuals With Scapholunate Instability: A Comparison of Conventional and Virtual Reality-Supported Interventions,RECRUITING,2026-02-12,2026-07-28,False,INTERVENTIONAL,"Scapholunate instability is a common form of carpal instability that can cause wrist pain, weakness, and functional limitations during daily activities. Conservative rehabilitation approaches are frequently recommended in the early stages; however, there is no standardized rehabilitation protocol, and the effects of different neuromuscular rehabilitation methods have not been sufficiently investigated.  The primary aim of this study is to comparatively examine the effects of conventional physiotherapy approaches and virtual reality-supported neuromuscular rehabilitation on forearm muscle activ"
NCT05102357,"Retrospective Trial, Scapholunate Ligament Partial Tears in Stable Wrist",COMPLETED,2021-11-01,2021-11-08,False,OBSERVATIONAL,"The purpose of this study is to investigate scapholunate ligament partial tears regarding tear localization, extrinsic ligament accompaniment in stable wrist and accordingly to scrutinize conservative treatment response."
NCT04580225,Randomized Comparison of PARtial Wrist Fusion With or Without Triquetral Excision (PARTE),RECRUITING,2020-10-08,2026-06-24,False,INTERVENTIONAL,"This randomized clinical trial (RCT) aims to compare clinical and radiographic outcomes of different partial wrist fusion techniques in participants with post-traumatic wrist arthritis. Participants with stage II or III scapholunate advanced collapse (SLAC) or scaphoid nonunion advanced collapse (SNAC) who meet the eligibility criteria will be randomly assigned to one of two parallel groups: Group A (partial wrist arthrodesis without triquetral excision i.e. four-corner arthrodesis), or Group B (partial wrist arthrodesis with triquetral excision i.e. three-corner or capitolunate arthrodesis wi"
NCT05719935,The KinematX Midcarpal Total Wrist Arthroplasty: A Multicenter Prospective Registry of Clinical and Patient-Reported Outcomes,RECRUITING,2023-02-09,2023-11-15,False,OBSERVATIONAL,"The goal of this observational study is to learn about functional and patient reported outcomes in patient undergoing total wrist replacement with the KinematX total wrist replacement study.  The main questions it aims to answer are:  * What is the range of motion (flexion, extension, radial, ulnar, grip and pinch strength) at 3-, 6-, and 12-months after surgery and yearly up to 10 years among patients having total wrist replacement with the KinematX implant. * What are the patient reported outcomes (PROMIS, PRWE, HSS wrist expectations) at 3-, 6-, and 12-months after surgery and yearly up to "
NCT04980547,Evaluation of the Surgical Proficiency and Effectiveness of the Acumed(R) Scapholunate Repair System in Primary Scapholunate Instability Among Canadians,UNKNOWN,2021-07-28,2022-05-18,False,INTERVENTIONAL,"This study is a prospective, multi-centre, non-randomized, and non-blinded follow-up study to assess the efficacy and effectiveness of the ACUMED® Scapholunate Repair System in primary scapholunate interosseous ligament (SLIL) reconstruction."
NCT04348253,Reconstruction of Chronic Scapholunate Ligament Injuries in the Wrist: A Randomized Controlled Trial Comparing The Berger Capsulodesis and Three-Ligament-Tenodesis (3LT),RECRUITING,2020-04-16,2020-04-16,False,INTERVENTIONAL,Comparison of two surgical techniques commonly used for reconstruction of the scapholunate (SL) ligament. A randomized multicenter study.
NCT02401568,Morphologic and Biomechanical Analysis of the Carpal Ligaments: a Kinematic Study on Dynamic Area Detector CT,COMPLETED,2015-03-30,2025-06-17,False,INTERVENTIONAL,"Compare various dynamic biomechanical markers (distances and angles) in the wrist during dynamic CT studies in three groups of patients: Normal subjects, with scapholunate instability and with other types of wrist instability."
NCT06493318,Evaluation of the Long-term Outcome of Dorsal Ligamentoplasty Reinforced With an Internal Brace in the Treatment of Scapholunate Instability,RECRUITING,2024-07-09,2025-09-08,False,OBSERVATIONAL,Prospective longitudinal multicenter observational cohort study conducted on a population of patients who underwent ligamentoplasty for scapholunate instability and agreed to be followed for a period of five years from the day of hospital discharge.
NCT01419808,Vascularized vs. Non-vascularized Bone Grafting in the Treatment of Proximal Pole Scaphoid Non Unions: A Prospective Randomized Trial,UNKNOWN,2011-08-18,2011-08-18,False,INTERVENTIONAL,"The purpose of this study is to investigate whether treatment of scaphoid non-unions with a vascularized bone grafts improves patient reported pain and disability compared to treatment with a non-vascularized bone graft. Secondary objectives are to examine if there is any difference in the overall rate and time to union, range of motion, grip strength, or complication rates between the two groups.  In addition, this is the first prospective randomized study to directly compare the two techniques. This is also the first study to use standardized methods of assessing union (based on computerized"
NCT07826208,Added Diagnostic Value of CT Arthrography to MR Arthrography in Suspected Wrist Internal Derangement,NOT_YET_RECRUITING,2026-09-17,2026-09-17,False,INTERVENTIONAL,"The wrist is a complex joint made up of small bones, cartilage, and stabilizing ligaments, including the triangular fibrocartilage complex (TFCC) and intrinsic carpal ligaments. Because these structures are small and intricate, diagnosing internal joint damage (internal derangement) after trauma or chronic pain can be challenging.  Magnetic resonance arthrography (MRA), an imaging scan performed after injecting a contrast dye into the joint, is widely used because it shows soft tissues clearly. However, MRA can sometimes miss subtle bone fragments, cartilage defects, or partial ligament tears "
NCT01258166,Traumatic Ulnar Translocation of the Carpus: Early Diagnosis and Treatment,COMPLETED,2010-12-10,2012-02-03,False,OBSERVATIONAL,"Ulnar translocation of the carpus is a form of wrist instability where the small bones of the wrist shift out of position. It is well recognized in patients with rheumatoid arthritis, but can also occur after a traumatic event, such as a violent football tackle or a fall from a height. The treatment options vary considerably, and there is no consensus of how to best address this injury pattern.  Because traumatic ulnar translocation is relatively rare, the diagnosis may be missed or delayed, causing problems for the patient such as persistent pain and loss of function. The investigators presen"
NCT07134452,"Comparison of Isokinetic Muscle Strength, Grip Strength, Weight Bearing, Proprioceptive Sense, Reaction Time and Functional Parameters Between Subjects With Scapholunate Instability and Healthy Individuals: A Cross-sectional Study",ACTIVE_NOT_RECRUITING,2025-08-21,2025-08-21,False,OBSERVATIONAL,"Scapholunate (SL) instability is the most common type of instability seen in the wrist, resulting from SLI injury or excessive mobility \[1,2\]. It usually occurs after trauma and can range from mild injury to severe malalignment \[3\]. Symptoms include dorsal pain, clicking sound, limited movement, increased pain with weight-bearing, and weakness \[4,5\]. Pain reduces joint movement and grip strength, limiting daily activities \[6\]. If there is no dislocation, conservative treatment (education, exercise, splinting) is applied \[7\].  The wrist absorbs and transfers load through ligaments. Du"
NCT06925230,"Arthroscopic Assisted Volar, Dorsal or Combined Capsulodesis in Scapholunate Ligament Injury",COMPLETED,2025-04-13,2025-04-13,False,INTERVENTIONAL,"The aim of this case series study is to test the efficacy of arthroscopic assisted volar, dorsal or combined scapholunate capsulodesis in the management of scapholunate ligament injuries."
NCT03017040,In Vivo Kinematics of Scapolunate Interosseous Ligament Injuries,TERMINATED,2017-01-11,2019-08-14,True,INTERVENTIONAL,"The investigators hypothesize that there is no relationship between in vivo kinematic abnormalities and patient-rated outcomes for scapholunate interosseous ligament injuries (SLIL)  The secondary null hypotheses are that: There are no kinematic differences between subjects with unilateral, symptomatic, full thickness scapholunate ligament tears in comparison to the contralateral wrist without scapholunate ligament injury.  The investigators aim to answer to the below questions:  * What are baseline validated outcomes for subjects with SLIL injury? * What are baseline physical measures (range "
NCT04457362,A Comparative Study Evaluating the Diagnostic Accuracy of Wrist Arthroscopy Using the NanoScope Compared to Conventional Arthroscopic Instrumentation,COMPLETED,2020-07-07,2023-11-07,True,INTERVENTIONAL,"The purpose of this study is to evaluate the diagnostic efficacy of Arthrex NanoScope compared to conventional arthroscopic instruments. Patients with wrist pathology who are indicated for an arthroscopic procedure will be enrolled pre-operatively after a thorough discussion of the study aims, risks, and benefits. At the time of surgery, under standard conditions, using standard wrist arthroscopy portals, a diagnostic arthroscopy will be performed with the Arthrex Nanoscope. The diagnostic arthroscopy will be performed in a stepwise manner for consistency with notation of pathology and intende"
NCT04631003,"Pilot Study for a Dynamic Testing for Intraoperative Diagnosis of Scapholunate Instability in Patients With a Concurrent Distal, Intra Articular Radius Fracture - A Prospective Clinical Trial",UNKNOWN,2020-11-16,2022-04-22,False,INTERVENTIONAL,"Ligamental side injuries in distal radius fractures are not uncommon, but diagnosis is often difficult. Diagnosis with the simultaneous presence of a fracture is not very reliable and usually highly subjective.  5-64% of radius fractures are accompanied by injuries of the scapholunary ligament (SL). Intra-articular radius fractures have a significantly higher prevalence for SL dissociation, due to a greater energy transfer to the hand roots. In 5-10% of cases, distal, intra-articular radius fractures are associated with complete ruptures of the dorsal scapholunary band. The number of untreated"
NCT07565636,Custom Orthotic Using 3D Printed and 3D Scanned Method,COMPLETED,2026-05-04,2026-09-14,False,OBSERVATIONAL,"This study will determine if using 3D scanning and 3D printing technology to create an orthosis to improve the quality of life for people with Ehlers Danlos Syndrome (EDS) compared to existing prefabricated orthoses. Orthoses are often used by people with EDS to stabilize and support joints with hypermobile tissues. Improving the quality of life will mean that people can participate in daily self-care and/or recreational activities that they enjoy, such as gardening and cooking. The investigators also seek to find if this orthosis will decrease pain and reduce the number of dislocations and su"
NCT05046600,"Multi-Center, Prospective Registry to Evaluate the Continued Safety and Effectiveness of Hand and Wrist Products",RECRUITING,2021-09-16,2025-06-26,False,OBSERVATIONAL,"A Multi-Center, Prospective Registry to Evaluate the Continued Safety and Effectiveness of Hand and Wrist Products"
NCT03782298,"Safety and Performance of PEEK Anchors (DYNOMITE, SPYROMITE, RAPTOMITE, FOOTPRINT Ultra PK SL) in Extremities",COMPLETED,2018-12-20,2024-10-01,True,OBSERVATIONAL,Safety and performance of the study devices in extremities up to 12 months post-surgery
NCT04826380,"Thumb Basal Joint (CMC I) Arthritis - Preoperative Anxiety/Depression, Outcome Instruments, Carpal Kinematics and Cost-utility",UNKNOWN,2021-04-01,2021-04-02,False,INTERVENTIONAL,"A project aiming to promote evidence based practice when treating thumb basal joint (CMC I) arthritis. We will aim to: 1) provide the minimal clinical difference of two general outcome instruments, 2) evaluate the association between pre-operative anxiety and/or depression and outcomes following trapeziectomy, 3) evaluate the effect of trapziectomy on carpal cinematics, 4) determine the cost-utility-ratio of trapeziectomy"
NCT03850249,Radioscapholunate Fusions After Wrist Trauma: Long-term Clinical and Radiographic Results.,COMPLETED,2019-02-21,2020-12-30,False,OBSERVATIONAL,"The investigators conduced a clinical trial to evaluate the clinical and radiographic results after radioscapholunate fusion in case of posttraumatic radiocarpal osteoarthritis.  Because of poor clinical result, many authors upgrade the procedure including excision of the distal pole of the scaphoid and later excision of the entire triquetrum.  Only one study compared the three procedures in 17 patients. The investigators performed the same comparison in 85 patients with a mean follow up of 9,1 years (1-23)"
NCT02436434,The Effect of Intra-articular Pulsed Radiofrequency in Osteoarthritis,WITHDRAWN,2015-05-06,2016-12-01,False,INTERVENTIONAL,"Pulsed radiofrequency (PRF) is designed to alleviate pain by delivering an electrical field and heat bursts at a temperature less than 42°C to neural tissue. In contrast with conventional radiofrequency, PRF is controlled below 42°C without damage to nerves and many studies have shown its benefits in pain relief for certain kinds of chronic pain conditions. For lessening pain of certain joint arthropathy, the direct nerve block by application of PRF is difficult and complicated because the supplying nerve of joint is complex or small. Hence, some authors perform intra-articular PRF on the chro"
NCT00657072,Biomechanical Evaluation of Wrist Ligament Injuries: Diagnostic Tool to Detect Wrist Instability,COMPLETED,2008-04-14,2015-11-23,False,OBSERVATIONAL,"Damage to the ligaments of the wrist occurs frequently, however, it is not well publicized or understood. Our previous and current biomechanical studies have shown that damage to certain wrist ligaments is the likely cause of wrist instability and pain. Based on our three dimensional models and animations of actual cadaver motions with various ligaments intact or sectioned, we have identified several changes in how the carpal bones move and are positioned relative to the radius with various levels of instability. Using this information, we have developed a mathematical model that can predict i"
NCT04186481,Safety and Performance of MINITAC◊ Ti 2.0 Suture Anchor in Extremities,COMPLETED,2019-12-04,2021-02-26,True,OBSERVATIONAL,This is a retrospective study evaluating the safety and performance of the MINITAC Suture anchors for extremities repair. Data will be used to support Notified Body (BSI) requirements for extremities repair indications.
NCT03315377,Lunatocapitate Fusion Versus Four-corner Fusion for SNAC and SLAC Arthritis. A Randomized Comparison.,ACTIVE_NOT_RECRUITING,2017-10-20,2025-09-08,False,INTERVENTIONAL,"Hypothesis: Lunate-capitate-fusion (LCF) results in comparable outcome (i.e. not worse) to four-corner-fusion (4CF) for Scaphoid Nonunion Advanced Collapse (SNAC) and Scapholunate Advanced Collapse (SLAC) arthritis regarding functional results (grip strength).  Design: Prospective randomised comparison. Inclusion criteria: SNAC or SLAC arthritis requiring a salvage procedure (grade 2-3).  Exclusion criteria: SNAC or SLAC arthritis grade 4 (panarthritis). Inability to co-operate with the follow-up protocol (language difficulties, severe psychiatric disorder or drug addiction)."
NCT07320404,Arthroscopic Scaphoid Bone Graft Combined With Percutaneous Fixation Versus Open Scaphoid Fixation With Non Vascularized Graft in Scaphoid Non-union,COMPLETED,2026-01-06,2026-01-06,False,INTERVENTIONAL,"the investigators compare the arthroscopic grafting technique with the traditional open technique in th treatment of scaphoid non union as regards the union rate, time to union and functional outcomes to provide the best intervention to the patient"
NCT02660515,"Operative Treatment of Intra-Articular Distal Radius Fractures With Versus Without Wrist Arthroscopy, a Randomized Controlled Trial",COMPLETED,2016-01-21,2019-03-08,False,INTERVENTIONAL,"Open reduction and internal fixation of intra-articular distal radius fractures leads to better functional outcomes the first 6 months compared to non-operative treatment. However, some patients continue to have a painful and stiff wrist post-operatively. Arthroscopically assisted removal of intra- articular fracture haematoma and debris may reduce pain and improve the functional outcomes following operative treatment of intra-articular distal radius fractures. Moreover, during arthroscopy the quality of the reduction and the presence of associated ligamentous injuries can be assessed. Therefo"
NCT04648527,Prospective Study of Arthroscopic Diagnosis and Treatment of the Isolated Dorsal Wrist Syndrome in Patients With Hypertrophy of the Dorsal Synovial,UNKNOWN,2020-12-01,2020-12-01,False,INTERVENTIONAL,"The objective of the study is to evaluate de results of the arthroscopic diagnose and arthroscopic treatment of the dorsal wrist pain syndrome associated with dorsal synovial hypertrophy.  It is a prospective study of 25 consecutive patients with the diagnosis of dorsal wrist radiographies and MRI) have discarded other concomitant pathologies. After being refractory to the conservative measures consisting in physiotherapy for at least 3 months, a wrist arthroscopy will be performed with diagnostic and treatment objectives. All these procedures will be performed by the same surgical team. Only "
NCT02579694,Multicenter Retrospective-prospective Short-term Evaluation of the SLIC Screw System in Subjects Requiring Treatment for Acute Scapholunate Injury,TERMINATED,2015-10-20,2017-07-19,False,OBSERVATIONAL,The purpose of this retrospective-prospective clinical evaluation is to determine whether the SLIC Screw System provides provisional fixation to allow biological healing of the scapholunate interval.
NCT05525988,Proximal Pole Scaphoid Reconstruction Using Proximal Hamate: Case-Series on A Novel Technique,UNKNOWN,2022-09-02,2022-10-25,False,INTERVENTIONAL,"Recently, A novel surgical technique was illustrated by Elhassan BT et al. in 2016 utilizing the Hemi-hamate autograft for the reconstruction of scaphoid bone proximal pole non-union with avascular necrosis.  The technique showed promising results but is still limited to case reports and anatomical studies  In this study, we aim to:  1. Evaluate the surgical technique steps and suggest any possible modifications to the original description of the technique. 2. Assessment of clinical outcomes of this novel technique in terms of; bone union rate, time to union, and wrist function. 3. Report any "
NCT07639918,Routine Physical Therapy With and Without Kinesio Taping Among Patients With Wrist Joint Hypermobility,COMPLETED,2026-06-10,2026-07-08,False,INTERVENTIONAL,"The study will be randomized controlled trial. This study will be conducted at the University of Lahore Teaching Hospital, Lahore, Pakistan. This will investigate the effects of routine physical therapy with and without Kinesio taping in patients with Wrist Joint Hypermobility. A sample size of 38 participants will be randomly assigned into two groups. Group A will receive routine physical therapy protocol, while Group B will receive the same protocol with additional Kinesio taping. The interventions will be delivered three times per week for 8 weeks. Clinical outcomes, including pain, range o"
NCT04260165,A Double-blinded Randomized Controlled Multicenter Trial Comparing Proximal ROw carpectOmy and Four-corner Fusion (PROOF) for Osteoarthritis of the Wrist,RECRUITING,2020-02-07,2021-01-19,False,INTERVENTIONAL,"Study purpose is to compare the outcome after proximal row carpectomy (PRC) vs four-corner fusion (FCA) for SLAC/SNAC II-III type osteoarthritis (OA) in a double-blinded randomized controlled study setting.  Patients with radiologically and clinically confirmed OA are randomized (1:1 computer generated sequence with random block size) to two parallel groups and will undergo either PRC or FCA. The study will be patient and assessor blinded.  Baseline data is collected preoperatively and is followed by a follow-up visits at 2 and 6 weeks, 3, 6, 12 months, and 5, 10 years after the intervention. "
NCT06627296,"The Effect of Combined Exercise Training With Neuromuscular Electrical Stimulation on Muscle Strength, Proprioceptive Sense, Reaction Time, and Functionality in Patients Diagnosed With Scapholunate Instability",COMPLETED,2024-10-04,2025-08-12,False,INTERVENTIONAL,"In our study, which we conducted to investigate the effect of exercise training combined with neuromuscular electrical stimulation on muscle strength, proprioceptive sensation, reaction time and functionality in patients with scapholunate (SL) instability, individuals with SL instability who meet the inclusion criteria and volunteer to participate in the study will participate. After the approval of the ethics committee, it is planned to include as many individuals with SL instability as the number to be obtained following the power analysis to be performed as a result of the pilot study. The "
NCT03193996,4DCT Imaging for Improved Diagnosis and Treatment of Wrist Ligament Injuries,COMPLETED,2017-06-21,2024-06-05,True,INTERVENTIONAL,The study seeks to determine whether the 4DCT imaging technique can be used to replace current invasive diagnostic tests for ligament injuries of the wrist.
NCT03839901,"A Pilot Study to Investigate Two Different Physiotherapy Rehabilitation Programmes, to Treat the Conservatively Managed Scapholunate Instability.",TERMINATED,2019-02-15,2019-02-15,False,INTERVENTIONAL,Two different exercises approaches were tested in patients with Scapho-Lunate (SL) instability; one to strengthen the tendons in static positions and the other to strengthen the tendons whilst the wrist is moving.
NCT07667114,Clinical Outcomes of Scapholunate Ligament Reconstruction Using Modified Flexor Carpi Radialis Tenodesis - A Retrospective Study From 2016-2026,RECRUITING,2026-06-24,2026-07-02,False,OBSERVATIONAL,Retrospective study of patients who underwent a modified flexor carpi radialis (FCR) tenodesis for scapholunate ligament injury at Waldfriede Hospital during the period 2016-2026.  Primary outcome: Functionality of the operated wrist measured using the validated DASH questionnaire.
NCT06590701,Scapholunate Ligament Reconstruction: Early Dart Throwing Motion Versus Motion in Anatomical Planes,RECRUITING,2024-09-19,2024-09-19,False,INTERVENTIONAL,"Patients undergoing scapholunate ligament reconstruction at Balgrist University Hospital are divided into two groups and receive two different types of mobilisation postoperatively. The investigators will compare the outcome (pain, strength, mobility) between the two groups 1 year after the operation."
NCT05060900,Hand Ligament Reconstructions With Knee Collateral Ligament Allografts,UNKNOWN,2021-09-29,2021-09-29,False,INTERVENTIONAL,"The purpose of this study is to review the clinical outcomes following hand ligament reconstruction surgery using allograft (cadaveric) knee collateral ligaments. Currently, there is no standard procedure or devices used for hand ligament reconstruction surgery, although most techniques use some form of autograft (patients' own tissue) for the reconstruction. We believe that the use of allograft ligaments in reconstruction may eliminate the pain associated with procuring the patients' own tissue for the procedure, and prove to be a viable and preferred alternative to the multiple techniques cu"
NCT04736537,4DCT Wrist Biomarkers During Resisted and Unresisted Tasks in Healthy Controls,COMPLETED,2021-02-03,2024-05-02,True,INTERVENTIONAL,"The purpose of this study is to use CT motion pictures (4DCT) to visualize and record how much space there is between certain wrist joint bones, both without any resistance and with light resistance to the movement, during a single scanning visit."
NCT05458921,"Study CARPUS : "" Development of Automated Real-time Algorithms for Detection of Dislocation of the Carpus """,UNKNOWN,2022-07-14,2023-11-08,False,OBSERVATIONAL,"Perilunate dislocation of the carpus is a serious lesion of the wrist which is defined by a total loss of contact of the articular surfaces capito-lunar, scapholunate and lunate-triquetral. Rare by its frequency, it represents 5 to 10% of traumatic injuries of the wrist.  Perilunate wrist dislocation is a rare injury that goes unnoticed in 25% of cases. Even with surgical treatment, 50-100% of patients will develop radiocarpal and/or midcarpal osteoarthritis."
NCT05033938,Patient Satisfaction With Early Wrist Mobilization Following Volar Locking Plate Fixation of Distal Radius Fractures - a Prospective Randomized Clinical Trial,UNKNOWN,2021-09-05,2021-09-05,False,INTERVENTIONAL,"The overall purpose of this study is to establish the utility of early mobilization in improving patient satisfaction following plate and screw fixation of wrist fractures. Subjects will have objective range of motion data collected and subjective survey data collected at 2 weeks, 6 weeks, 3 months, and 1 year after being randomized either to an early mobilization group that receives a removable wrist splint or a late mobilization group that is placed in a splint for 2 weeks post-operatively. The investigators expect that early wrist mobilization following locking plate fixation of wrist fract"
NCT01103297,A Prospective Multicenter Case-series of Patients Treated With the 2.4 mm Variable Angle LCP Two-Column Volar Distal Radius Plate ®,COMPLETED,2010-04-14,2014-09-19,False,INTERVENTIONAL,The purpose of this study is to is to evaluate the postoperative loss of reduction rate in patients with distal radius fractures treated using the 2.4 mm Variable Angle LCP Two-Column Volar Distal Radius Plate ®.
NCT05358015,Vascularised Bone Grafts for Treatment of Scaphoid Nonunion: a Case Series Study,UNKNOWN,2022-05-03,2022-05-03,False,INTERVENTIONAL,"To assess the effect of vascularized bone grafting on the functional, clinical and radiological outcomes of the scaphoid nonunion"
NCT06695260,Diagnosing Dynamic Scapholunate Instability with Computer Tomography,NOT_YET_RECRUITING,2024-11-19,2024-11-19,False,INTERVENTIONAL,"Scapholunate instability can result in debilitating pain, dysfunction, and secondary arthritis. If treatment is required, the instability should ideally be addressed in the dynamic stage, before non-reducible non-repairable deformation occurs. Early diagnosing of instability of the scapholunate joint can be a complex task.  In this study, the use of computer tomography (CT) scan is evaluatedto reveal the dynamic characteristics of the scapholunate instability. A CT-scan will be performed of the non-stressed wrist and a CT-scan under loading to potentially visualize increase of dorsal scaphoid "
NCT06841809,The Role of Radiographic Indices in the Evaluation of Hand and Wrist Pathologies in Patients With Carpal Tunnel Syndrome,COMPLETED,2025-02-24,2025-07-31,False,OBSERVATIONAL,The aim of this study was to compare wrist radiographic indices in patients with idiopathic carpal tunnel syndrome (CTS) with normal cases. The investigators believe that the investigators can contribute to the development of new treatment strategies by determining the radiographic features that contribute to the development of CTS.
NCT06236204,"Arthroscopic Scapholunate Ligament Reconstruction, Volar and Dorsal Reconstruction, as Treatment for Dysfunction of the Scapholunate Joint With Insufficiency of the Scapholunate Ligament and Secondary Stabilizers",UNKNOWN,2024-02-01,2024-02-01,False,INTERVENTIONAL,"Arthroscopical reconstruction of the volar and dorsal part of the scapholunate ligament as treatment for complete scapholunate ligament injury, but reducible carpal malalignment.  This prospective study aims to evaluate the clinical and functional outcome of this technique on the short and middle term"
