"id","ta_decision","doi","pmid","title"
"R00007","include","10.1177/17531934251403421","41355139","Mid-term outcomes of scapholunate ligament reconstruction with internal brace augmentation."
"R00015","include","10.1016/j.hansur.2024.101762","39127156","Clinical, radiological and dynamic CT results of scapholunate intercarpal ligamentoplasty for scapholunate dissociation."
"R00021","include","10.1177/17531934261464770","42433044","Radiographic alignment is not associated with patient-reported symptoms after 360° scapholunate ligament reconstruction."
"R00025","include","10.1055/a-2662-1273","41869482","Volar-Dorsal Arthroscopic Repair for Scapholunate Ligament Injuries: A Case Series and Treatment Algorithm."
"R00026","include","10.1177/17531934261428319","41808659","Functional and radiological outcomes of the all-dorsal technique for scapholunate ligament reconstruction."
"R00034","include","10.1016/j.jhsa.2023.12.012","38244024","One-Year Outcomes of the Anatomical Front and Back Reconstruction for Scapholunate Dissociation."
"R00037","include","10.1097/sap.0000000000003942","38775363","Scapholunate Ligament Reconstruction With Internal Brace Augmentation Techniques for Chronic Scapholunate Dissociation: A Clinical Follow-up Study."
"R00043","include","10.1177/15589447251391375","41320965","Mid-term Outcome of the All-Dorsal Augmented Scapholunate Ligament Reconstruction for Chronic Scapholunate Instability."
"R00050","include","10.1055/a-2511-3111","41574154","Early Results of All-Dorsal Arthroscopic Scapholunate Ligamentoplasty."
"R00054","include","10.1177/15589447251414125","41693149","Reduction and Association of the Scaphoid and Lunate Versus Internal Brace for Scapholunate Ligament Reconstruction."
"R00066","include","10.1177/17531934231219191","38069863","Mid-term outcomes of three commonly used surgical reconstructions for scapholunate instability."
"R00070","unclear","10.1055/s-0040-1717829","36016639","Difference in Carpal Alignment between Scapholunate Dissociation and Kienbock Disease: A Retrospective Study."
"R00081","unclear","","","Radiological and functional correlation following ""SLIC"""" scapholunate-intercarpal ligamentoplasty at minimum 12 months' follow-up."""
"R00082","unclear","10.1016/j.hcl.2023.02.008","37453765","InternalBrace for Intercarpal Ligament Reconstruction."
"R00090","include","","38330555","Clinical Efficacy of Arthroscopic Transplantation of Palmaris Longus Tendon Combined with Early Accelerated Motion Rehabilitation After Scapholunate Ligament Reconstruction for Geissler Type IV Scapholunate Instability."
"R00094","include","","","Ligamentoplasty in scapholunate instability: short-term results of the ""all dorsal scapholunate repair"""" technique."""
"R00095","include","10.1016/j.jhsa.2022.09.012","36456426","Comparing Patient-Reported Outcomes on Three-Ligament Tenodesis Between Partial and Complete Scapholunate Ligament Injuries: A Cohort Study."
"R00110","unclear","10.1055/s-0044-1790205","40995554","Arthroscopic Dorsal Round-Block Capsulo-Ligamentoplasty for Dynamic Scapholunate Instability: An Anatomical Study and Case Series."
"R00113","include","10.1177/17531934231192343","37751490","Anatomical front and back reconstruction sustains radiographic alignment: a comparison to three-ligament tenodesis."
"R00121","include","10.1097/prs.0000000000009736","36126203","Long-Term Outcomes of Arthroscope-Assisted Bone-Ligament-Bone Reconstruction for Nonstatic Scapholunate Ligament Injury."
"R00124","unclear","10.1177/10225536251340115","40329622","Radiological and clinical outcomes of patients diagnosed with intraosseous ganglion cysts of the lunate treated with arthroscopic dorsal ligamento capsulodesis with or without grafting: Minimum 1-year follow-up."
"R00129","include","10.1007/s00402-022-04435-z","35411494","Did implementation of three ligament tenodesis improve patient outcome after chronic scapholunate instability? A retrospective study."
"R00130","include","10.1016/j.jhsa.2023.07.008","37589620","Collapse After Carpal Bone Tunneling: An Underreported Complication?"
"R00139","unclear","10.1177/17531934221135072","36329563","Scapholunate ligament reconstruction using the Internal Brace™: a patient-reported outcomes perspective."
"R00141","include","10.1055/s-0044-1791501","40688638","Arthroscopic Suture Anchor Scapholunate Capsulodesis."
"R00148","include","10.1007/s12306-023-00787-w","37227663","Combined repair of scapholunate ligament (SL) and triangular fibrocartilage complex (TFCC) lesions in chronic trauma of the wrist: surgical treatment of 14 patients."
"R00149","include","10.1055/s-0042-1759729","37564624","Dorsal Scapholunate Ligament Reconstruction by Using Palmaris Longus Tendon Graft in Chronic Static Scapholunate Dissociations: Does It Yield Favorable Radiographic and Functional Results?"
"R00153","unclear","10.1097/prs.0000000000009786","36219862","InternalBrace for Intercarpal Ligament Reconstruction."
"R00156","include","10.1055/s-0042-1749164","36644724","Scapholunate Ligament Reconstruction without Immobilization Is Safe and Leads to Better Functional Results."
"R00169","include","10.1055/a-2686-1118","42524696","Long-Term Functional Outcomes After Volar Capsulodesis for Treatment of Scapholunate Ligament Injuries: An 18-Year Experience."
"R00171","include","10.1055/s-0043-1762930","37841355","Clinical Outcomes of Arthroscopic-Assisted Volar Scapholunate Capsulodesis: A Case Series."
"R00173","include","10.1055/a-2710-9255","42787912","Revision Rates Following Scapholunate Ligament Repair and Reconstruction: A Multi-Institutional Database Study and Review of Literature."
"R00177","include","","","Long-term follow-up of the three-ligament tenodesis for scapholunate ligament lesions: 9-year results."
"R00179","include","10.1016/j.hansur.2026.102577","41548845","High rates of return-to-sport and work in military personnel after arthroscopic posterior capsuloplasty of the wrist."
"R00200","include","10.1177/1753193420940498","32686557","Intercarpal ligamentoplasty for scapholunate dissociation: comparison of two techniques."
"R00216","unclear","10.1097/prs.0000000000011912","39636694","Outcomes of All-Dorsal Augmented Intercarpal Ligament Reconstruction."
"R00223","include","10.1302/0301-620x.105b3.bjj-2022-0906.r1","36854344","Wide arthroscopic dorsal capsuloligamentous repair in patients with severe scapholunate instability."
"R00225","unclear","10.1097/prs.0000000000008955","35157627","Outcomes after Bone-Ligament-Bone Intercarpal Ligament Reconstruction."
"R00229","unclear","10.1016/j.otsr.2025.104298","40409460","Three dimensional scapholunate distance assessment from biplanar radiographs: A feasibility study in clinical practice."
"R00232","include","10.1055/s-0040-1713656","33282534","Postoperative Pain Is Correlated with Scaphoid Dorsal Translation following Scapholunate Interosseous Ligament Reconstruction."
"R00238","include","10.1007/s00590-020-02706-2","32447458","Treatment of static scapholunate dissociation using a slip of the flexor carpi radialis."
"R00257","include","10.1055/s-0043-1764159","37841361","Radiologic Evolution after Scapholunate Dorsal Capsulodesis for Chronic Tears."
"R00270","include","10.1177/1753193420911338","32216521","Dorsal intercarpal ligament capsulodesis: a retrospective study of 120 patients according to types of chronic scapholunate instability."
"R00271","include","10.3928/01477447-20210415-04","34039212","Long-term Outcomes of Delayed Scapholunate Ligament Repair After Complete Rupture of the Ligament."
"R00279","unclear","","","Arthroscopic-Assisted Volar Scapholunate Capsulodesis: A New Technique."
"R00282","include","10.1302/0301-620x.103b5.bjj-2020-1964.r2","33934641","Scapholunate ligament 360 degrees  procedure."
"R00294","unclear","10.1055/s-0043-1769934","39027026","Arthroscopic Debridement for Treatment of Chronic Dynamic Scaphoid Instability."
"R00366","unclear","10.1055/s-0042-1757441","37223389","Clinical Outcomes of Arthroscopic Ligament-Sparing Dorsal Capsulodesis for Partial Scapholunate Ligament Tear."
"R00371","include","10.1097/bth.0000000000000261","31436757","Chronic Reducible Scapholunate Ligament Dissociation: A Simple Surgical Technique for a Complex Injury."
"R00401","include","10.1055/s-0040-1710502","32760612","Arthroscopic Reinsertion of Acute Injuries of the Scapholunate Ligament Technique and Results."
"R00408","unclear","","","Arthroscopic ""S""""-shaped Ligamentoplasty for Floating Lunate."""
"R00474","include","10.1055/a-2698-9750","42788177","Midcarpal Ultra-wide Scapholunotriquetral Capsulo-ligamentoplasty (MUSCL) Procedure."
"R00500","unclear","10.1016/j.jor.2024.01.009","38333048","Arthroscopic management of scapholunate complex injuries associated with distal radius fractures."
"R00503","include","10.1007/s00590-023-03765-x","37897667","Ligamentoplasty in scapholunate instability: short-term results of the ""all dorsal scapholunate repair"" technique."
"R00511","include","10.1016/j.hansur.2022.08.004","35988914","Radiological and functional correlation following ""SLIC"" scapholunate-intercarpal ligamentoplasty at minimum 12 months' follow-up."
"R00528","unclear","10.1177/1558944719890037","34549615","Early Outcomes of Scapholunate Injuries With Concomitant Distal Radius Fractures."
"R00532","include","10.1016/j.hansur.2021.03.020","33878482","Long-term follow-up of the three-ligament tenodesis for scapholunate ligament lesions: 9-year results."
"R00555","include","10.1177/1753193419886536","31718405","Anatomical anterior and posterior reconstruction for scapholunate dissociation: preliminary outcome in ten patients."
"R00556","include","10.1177/1753193419885063","31711344","Three-ligament tenodesis for chronic scapholunate injuries: short-term outcomes in 203 patients."
