id,decision_TA,annee,titre,doi,pmid,pmcid,lien
R00007,include,2026,Mid-term outcomes of scapholunate ligament reconstruction with internal brace augmentation.,10.1177/17531934251403421,41355139,,https://doi.org/10.1177/17531934251403421
R00015,include,2024,"Clinical, radiological and dynamic CT results of scapholunate intercarpal ligamentoplasty for scapholunate dissociation.",10.1016/j.hansur.2024.101762,39127156,,https://doi.org/10.1016/j.hansur.2024.101762
R00021,include,2026,Radiographic alignment is not associated with patient-reported symptoms after 360° scapholunate ligament reconstruction.,10.1177/17531934261464770,42433044,,https://doi.org/10.1177/17531934261464770
R00025,include,2026,Volar-Dorsal Arthroscopic Repair for Scapholunate Ligament Injuries: A Case Series and Treatment Algorithm.,10.1055/a-2662-1273,41869482,PMC13002312,https://doi.org/10.1055/a-2662-1273
R00026,include,2026,Functional and radiological outcomes of the all-dorsal technique for scapholunate ligament reconstruction.,10.1177/17531934261428319,41808659,,https://doi.org/10.1177/17531934261428319
R00034,include,2024,One-Year Outcomes of the Anatomical Front and Back Reconstruction for Scapholunate Dissociation.,10.1016/j.jhsa.2023.12.012,38244024,,https://doi.org/10.1016/j.jhsa.2023.12.012
R00037,include,2024,Scapholunate Ligament Reconstruction With Internal Brace Augmentation Techniques for Chronic Scapholunate Dissociation: A Clinical Follow-up Study.,10.1097/sap.0000000000003942,38775363,,https://doi.org/10.1097/sap.0000000000003942
R00043,include,2025,Mid-term Outcome of the All-Dorsal Augmented Scapholunate Ligament Reconstruction for Chronic Scapholunate Instability.,10.1177/15589447251391375,41320965,,https://doi.org/10.1177/15589447251391375
R00050,include,2026,Early Results of All-Dorsal Arthroscopic Scapholunate Ligamentoplasty.,10.1055/a-2511-3111,41574154,PMC12823189,https://doi.org/10.1055/a-2511-3111
R00054,include,2026,Reduction and Association of the Scaphoid and Lunate Versus Internal Brace for Scapholunate Ligament Reconstruction.,10.1177/15589447251414125,41693149,,https://doi.org/10.1177/15589447251414125
R00066,include,2024,Mid-term outcomes of three commonly used surgical reconstructions for scapholunate instability.,10.1177/17531934231219191,38069863,,https://doi.org/10.1177/17531934231219191
R00090,include,2024,Clinical Efficacy of Arthroscopic Transplantation of Palmaris Longus Tendon Combined with Early Accelerated Motion Rehabilitation After Scapholunate Ligament Reconstruction for Geissler Type IV Scapholunate Instability.,,38330555,,https://pubmed.ncbi.nlm.nih.gov/38330555/
R00094,include,,"Ligamentoplasty in scapholunate instability: short-term results of the ""all dorsal scapholunate repair"""" technique.""",,,,https://pubmed.ncbi.nlm.nih.gov//
R00095,include,2024,Comparing Patient-Reported Outcomes on Three-Ligament Tenodesis Between Partial and Complete Scapholunate Ligament Injuries: A Cohort Study.,10.1016/j.jhsa.2022.09.012,36456426,,https://doi.org/10.1016/j.jhsa.2022.09.012
R00113,include,2024,Anatomical front and back reconstruction sustains radiographic alignment: a comparison to three-ligament tenodesis.,10.1177/17531934231192343,37751490,,https://doi.org/10.1177/17531934231192343
R00121,include,2022,Long-Term Outcomes of Arthroscope-Assisted Bone-Ligament-Bone Reconstruction for Nonstatic Scapholunate Ligament Injury.,10.1097/prs.0000000000009736,36126203,,https://doi.org/10.1097/prs.0000000000009736
R00129,include,2022,Did implementation of three ligament tenodesis improve patient outcome after chronic scapholunate instability? A retrospective study.,10.1007/s00402-022-04435-z,35411494,,https://doi.org/10.1007/s00402-022-04435-z
R00130,include,2025,Collapse After Carpal Bone Tunneling: An Underreported Complication?,10.1016/j.jhsa.2023.07.008,37589620,,https://doi.org/10.1016/j.jhsa.2023.07.008
R00141,include,2025,Arthroscopic Suture Anchor Scapholunate Capsulodesis.,10.1055/s-0044-1791501,40688638,PMC12270565,https://doi.org/10.1055/s-0044-1791501
R00148,include,2024,Combined repair of scapholunate ligament (SL) and triangular fibrocartilage complex (TFCC) lesions in chronic trauma of the wrist: surgical treatment of 14 patients.,10.1007/s12306-023-00787-w,37227663,,https://doi.org/10.1007/s12306-023-00787-w
R00149,include,2023,Dorsal Scapholunate Ligament Reconstruction by Using Palmaris Longus Tendon Graft in Chronic Static Scapholunate Dissociations: Does It Yield Favorable Radiographic and Functional Results?,10.1055/s-0042-1759729,37564624,PMC10411126,https://doi.org/10.1055/s-0042-1759729
R00156,include,2023,Scapholunate Ligament Reconstruction without Immobilization Is Safe and Leads to Better Functional Results.,10.1055/s-0042-1749164,36644724,PMC9836776,https://doi.org/10.1055/s-0042-1749164
R00169,include,2026,Long-Term Functional Outcomes After Volar Capsulodesis for Treatment of Scapholunate Ligament Injuries: An 18-Year Experience.,10.1055/a-2686-1118,42524696,PMC13412943,https://doi.org/10.1055/a-2686-1118
R00171,include,2023,Clinical Outcomes of Arthroscopic-Assisted Volar Scapholunate Capsulodesis: A Case Series.,10.1055/s-0043-1762930,37841355,PMC10569830,https://doi.org/10.1055/s-0043-1762930
R00173,include,2026,Revision Rates Following Scapholunate Ligament Repair and Reconstruction: A Multi-Institutional Database Study and Review of Literature.,10.1055/a-2710-9255,42787912,,https://doi.org/10.1055/a-2710-9255
R00177,include,,Long-term follow-up of the three-ligament tenodesis for scapholunate ligament lesions: 9-year results.,,,,https://pubmed.ncbi.nlm.nih.gov//
R00179,include,2026,High rates of return-to-sport and work in military personnel after arthroscopic posterior capsuloplasty of the wrist.,10.1016/j.hansur.2026.102577,41548845,,https://doi.org/10.1016/j.hansur.2026.102577
R00200,include,2021,Intercarpal ligamentoplasty for scapholunate dissociation: comparison of two techniques.,10.1177/1753193420940498,32686557,,https://doi.org/10.1177/1753193420940498
R00223,include,2023,Wide arthroscopic dorsal capsuloligamentous repair in patients with severe scapholunate instability.,10.1302/0301-620x.105b3.bjj-2022-0906.r1,36854344,,https://doi.org/10.1302/0301-620x.105b3.bjj-2022-0906.r1
R00232,include,2020,Postoperative Pain Is Correlated with Scaphoid Dorsal Translation following Scapholunate Interosseous Ligament Reconstruction.,10.1055/s-0040-1713656,33282534,PMC7708033,https://doi.org/10.1055/s-0040-1713656
R00238,include,2020,Treatment of static scapholunate dissociation using a slip of the flexor carpi radialis.,10.1007/s00590-020-02706-2,32447458,,https://doi.org/10.1007/s00590-020-02706-2
R00257,include,2023,Radiologic Evolution after Scapholunate Dorsal Capsulodesis for Chronic Tears.,10.1055/s-0043-1764159,37841361,PMC10569849,https://doi.org/10.1055/s-0043-1764159
R00270,include,2020,Dorsal intercarpal ligament capsulodesis: a retrospective study of 120 patients according to types of chronic scapholunate instability.,10.1177/1753193420911338,32216521,,https://doi.org/10.1177/1753193420911338
R00271,include,2021,Long-term Outcomes of Delayed Scapholunate Ligament Repair After Complete Rupture of the Ligament.,10.3928/01477447-20210415-04,34039212,,https://doi.org/10.3928/01477447-20210415-04
R00282,include,2021,Scapholunate ligament 360 degrees  procedure.,10.1302/0301-620x.103b5.bjj-2020-1964.r2,33934641,,https://doi.org/10.1302/0301-620x.103b5.bjj-2020-1964.r2
R00371,include,2020,Chronic Reducible Scapholunate Ligament Dissociation: A Simple Surgical Technique for a Complex Injury.,10.1097/bth.0000000000000261,31436757,,https://doi.org/10.1097/bth.0000000000000261
R00401,include,2020,Arthroscopic Reinsertion of Acute Injuries of the Scapholunate Ligament Technique and Results.,10.1055/s-0040-1710502,32760612,PMC7395848,https://doi.org/10.1055/s-0040-1710502
R00474,include,2026,Midcarpal Ultra-wide Scapholunotriquetral Capsulo-ligamentoplasty (MUSCL) Procedure.,10.1055/a-2698-9750,42788177,PMC13612138,https://doi.org/10.1055/a-2698-9750
R00503,include,2024,"Ligamentoplasty in scapholunate instability: short-term results of the ""all dorsal scapholunate repair"" technique.",10.1007/s00590-023-03765-x,37897667,,https://doi.org/10.1007/s00590-023-03765-x
R00511,include,2022,"Radiological and functional correlation following ""SLIC"" scapholunate-intercarpal ligamentoplasty at minimum 12 months' follow-up.",10.1016/j.hansur.2022.08.004,35988914,,https://doi.org/10.1016/j.hansur.2022.08.004
R00532,include,2021,Long-term follow-up of the three-ligament tenodesis for scapholunate ligament lesions: 9-year results.,10.1016/j.hansur.2021.03.020,33878482,,https://doi.org/10.1016/j.hansur.2021.03.020
R00555,include,2020,Anatomical anterior and posterior reconstruction for scapholunate dissociation: preliminary outcome in ten patients.,10.1177/1753193419886536,31718405,,https://doi.org/10.1177/1753193419886536
R00556,include,2020,Three-ligament tenodesis for chronic scapholunate injuries: short-term outcomes in 203 patients.,10.1177/1753193419885063,31711344,,https://doi.org/10.1177/1753193419885063
R00070,unclear,2022,Difference in Carpal Alignment between Scapholunate Dissociation and Kienbock Disease: A Retrospective Study.,10.1055/s-0040-1717829,36016639,PMC9398581,https://doi.org/10.1055/s-0040-1717829
R00081,unclear,,"Radiological and functional correlation following ""SLIC"""" scapholunate-intercarpal ligamentoplasty at minimum 12 months' follow-up.""",,,,https://pubmed.ncbi.nlm.nih.gov//
R00082,unclear,2023,InternalBrace for Intercarpal Ligament Reconstruction.,10.1016/j.hcl.2023.02.008,37453765,,https://doi.org/10.1016/j.hcl.2023.02.008
R00110,unclear,2025,Arthroscopic Dorsal Round-Block Capsulo-Ligamentoplasty for Dynamic Scapholunate Instability: An Anatomical Study and Case Series.,10.1055/s-0044-1790205,40995554,PMC12456988,https://doi.org/10.1055/s-0044-1790205
R00124,unclear,2025,Radiological and clinical outcomes of patients diagnosed with intraosseous ganglion cysts of the lunate treated with arthroscopic dorsal ligamento capsulodesis with or without grafting: Minimum 1-year follow-up.,10.1177/10225536251340115,40329622,,https://doi.org/10.1177/10225536251340115
R00139,unclear,2023,Scapholunate ligament reconstruction using the Internal Brace™: a patient-reported outcomes perspective.,10.1177/17531934221135072,36329563,,https://doi.org/10.1177/17531934221135072
R00153,unclear,2023,InternalBrace for Intercarpal Ligament Reconstruction.,10.1097/prs.0000000000009786,36219862,,https://doi.org/10.1097/prs.0000000000009786
R00216,unclear,2025,Outcomes of All-Dorsal Augmented Intercarpal Ligament Reconstruction.,10.1097/prs.0000000000011912,39636694,,https://doi.org/10.1097/prs.0000000000011912
R00225,unclear,2022,Outcomes after Bone-Ligament-Bone Intercarpal Ligament Reconstruction.,10.1097/prs.0000000000008955,35157627,,https://doi.org/10.1097/prs.0000000000008955
R00229,unclear,2026,Three dimensional scapholunate distance assessment from biplanar radiographs: A feasibility study in clinical practice.,10.1016/j.otsr.2025.104298,40409460,,https://doi.org/10.1016/j.otsr.2025.104298
R00279,unclear,,Arthroscopic-Assisted Volar Scapholunate Capsulodesis: A New Technique.,,,,https://pubmed.ncbi.nlm.nih.gov//
R00294,unclear,2024,Arthroscopic Debridement for Treatment of Chronic Dynamic Scaphoid Instability.,10.1055/s-0043-1769934,39027026,PMC11254479,https://doi.org/10.1055/s-0043-1769934
R00366,unclear,2023,Clinical Outcomes of Arthroscopic Ligament-Sparing Dorsal Capsulodesis for Partial Scapholunate Ligament Tear.,10.1055/s-0042-1757441,37223389,PMC10202575,https://doi.org/10.1055/s-0042-1757441
R00408,unclear,,"Arthroscopic ""S""""-shaped Ligamentoplasty for Floating Lunate.""",,,,https://pubmed.ncbi.nlm.nih.gov//
R00500,unclear,2024,Arthroscopic management of scapholunate complex injuries associated with distal radius fractures.,10.1016/j.jor.2024.01.009,38333048,PMC10847947,https://doi.org/10.1016/j.jor.2024.01.009
R00528,unclear,2021,Early Outcomes of Scapholunate Injuries With Concomitant Distal Radius Fractures.,10.1177/1558944719890037,34549615,PMC8461201,https://doi.org/10.1177/1558944719890037
